,Star,Summary,Description
0,5,Perfect product!,"Nice product with all features specially its looks and camera battery backup is good
You should buy it without any issues"
1,5,Awesome,Switch from OnePlus to iPhone I am stunned with camera performance. Everything is perfect on iPhone 15.
2,5,Mind-blowing purchase,High quality cameraüòç
3,5,Just wow!,Camera Quality Is Improved Loving It
4,4,Worth the money,"Best mobile phone
Camera quality is very nice
Battery backup is very good
Sound quality is amazing."
5,5,Worth every penny,Awesome photography experience. Battery backup is good . Display is much better than 14 version.
6,4,Good choice,Very nice
7,5,Classy product,Nice ‚ù§Ô∏è
8,5,Highly recommended,I love this phone. The camera is amazing: its I am so happy
9,5,Great product,"best camera and battery is also very good
In love with dynamic Island
Type-c charging is very fast.
Overall best phone"
10,5,Brilliant,"Totally happy!
Camera 5
Battery 5
Display 5
Design 5"
11,5,Worth every penny,"Just loved the product , colour , design is wow and camera is amazing , just clicked first picture of my grandmother üëµüèª in portrait mode and results r here in front of you guys üòçüòò"
12,5,Awesome,Simply premium.
13,4,Really Nice,Awesome camra quality superb camra üòä
14,5,Worth every penny,Great!
15,5,Brilliant,moving from android to apple is a surreal experience. still apple could focus on more flexibility towards the apps.
16,5,Best in the market!,Simply Awesome ü§©
17,5,Fabulous!,"So beautiful, so elegant, just a vowwwüòç‚ù§Ô∏è"
18,5,Simply awesome,This is my first iphone ever used loving it already this is worth it ü•∞
19,5,Awesome,Nice üôÇüôÇüôÇüôÇüôÇ
20,5,Best in the market!,"48 megapixel is litüî•
Thin bessels compared to 14
Lesser in weight
Dynamic Island works perfectly
Good battery backup ‚ö°
My rating 5/5"
21,5,Fabulous!,It's performance is super and nice camera also a ok battery backup..
22,5,Highly recommended,"The BEST CAMERA PHONE OUT THERE, was in dilemma to buy s23 , but i chose this . And yes thats a wise decision , 60z is not a major con although it saves battery but 120 would be great. A16 is outstanding coupled with ios. In video quality nothing can beat it. Go for it for camera samples go with my uploaded photos one in daylight while other in night"
23,5,Excellent,Such a amazing phone ü´∂üèª
24,5,Classy product,Awesome quality I am very happy. Thank you Flipkart.
25,5,Must buy!,Nice
26,5,Classy product,A perfect n balanced phone ‚ù£Ô∏è. Was thinking of switching to ios from last two years and yeah its worth buying the black beauty üñ§.
27,5,Great product,"Great Experience Flipkart I am giving 10 of 10 Camera, Sound, Screen... Transportation Mi note 9 pro Max to Iphone 15 ."
28,5,Fabulous!,It looks so good in my hand !.......WAU?
29,5,Awesome,"using it as a secondary phone , got it at 61.5k including all the offers (except exchange) , great value for money phone , but yeah due to the lower refresh rate , you will less smoothness if you have used pro models before , still its great..!"
30,5,Great product,Awesome phone powerful performance and battery backup are also very good no heating issue ‚ò∫Ô∏è
31,5,Just wow!,Camera üî•
32,4,Good choice,Very nice product‚ò∫Ô∏è‚ò∫Ô∏èwe loved the phone very much
33,5,Terrific,Their is nothing to explain about Apple iPhone nowadays everyone knows when ur comes to iPhone 15 is just amazing üî•
34,5,Brilliant,"Switch from android to iPhoneüòç
Just wow. Camera and battery backup is outstanding for daily use"
35,4,Worth the money,"Writing this review after extensive usage. Hope it helps interested buyers decide.
1. Display:- 4/5 (Great display but limited to 60Hz in 2023-24)
2. Camera:- 4/5 (Great cameras but no telephoto at this price segment but this time Apple really nailed it with the 15 series 24mp shots are very sharp and detailed)
3. Performance:- 5/5 (One of the fastest SOC available right now)
4. Battery:- 3/5 (Average battery life also charger not included in the box and still charges slowly with the 20w bric...
READ MORE"
36,5,Terrific,Best in class..! Superb camera and performance. Fine grip.
37,5,Classy product,Absolutely premium product..just wow
38,5,Worth every penny,"Camera is good but not too good like other camera phone.
Performance is good but missed 90hz display.
Battery is good enough for a day use.
Sound is quite awesome like no other phones
Rest phone is good to go for."
39,5,Super!,Pic Quality Awesome
40,5,Perfect product!,Camera quality top notch üëç
41,5,Classy product,Awesome
42,5,Wonderful,"Loved itüëçüèª.
Great performance and not facing any kind of heating problem. Impressed by battery performance."
43,5,Highly recommended,It's amazing nd also the delivery boy was very humble.
44,5,Highly recommended,"Just upgraded from iphone 12 to 15 and I totally loved this 15 series.
Camera:- No doubt iphones camera are best of any other smartphone, primary camera is now 48mp which gives quite sharp images, 2x in portrait mode is definitely a game changer in base varient.
Battery:- 3349 mAH is quite better as compared to older versions.
Performance:- Apple improve performance by introducing A-16 bionic chip, no doubt performance is on top.
Display:- In display we get dynamic island which gives phone mo...
READ MORE"
45,5,Just wow!,Thanks Flipkart I m glad such a beautiful iPhone 15
46,5,Value-for-money,"Just ok like any other premium android phone. Sound is just fantastic and face unlock feature is more convenient than fingerprint scanner. Battery backup is more than android 5000 mah battery. This is my frist iPhone, migrated from android due to chipset heating problem in Google tensor chip and Samsung exonys processsor."
47,5,Terrific,Nice Colour
48,5,Fabulous!,Love the performance üëç
49,5,Terrific purchase,Absolutely gorgeous üòª
50,4,Wonderful,Nice product
51,4,Wonderful,I upgraded from iPhone 13 to 15 and this phone is awesome worth the money go for it
52,5,Best in the market!,"Speechless
So Beautiful
So Elegant
Just Looking Like Of Wowü•∞üòÄüòú
I Upgrde iPhone 12 To IPhone 15"
53,5,Awesome,Awesome phone ‚ù§Ô∏è
54,5,Just wow!,Awesomeüòçswitch from android to iOS
55,5,Simply awesome,"You have to charge it 3 times atleast if you use it as a primary phone

Otherwise the phone is yoo"
56,5,Just wow!,Awesome üî•üî•‚ò∫Ô∏è
57,5,Wonderful,"SUPER

12 MINI TO 15 üòçüòçüòç"
58,5,Super!,Best for regular usage
59,5,Just wow!,"This is an amazing phone and back side of phone is frozen glass which makes it less prone to finger marks while holding. Till now enjoying it, will update with further details after a week."
60,4,Wonderful,"Battery is worst!

I am moving from android, so i feel my 20k android phone is better than this iphone. Although i brought this for apple ecosystem!"
61,5,Worth every penny,Superb... Shifted from Android to iPhone 15..classsüëç
62,5,Perfect product!,"Amazing product‚ù§Ô∏è‚ù§Ô∏è
Best iPhone out of all the iPhone series"
63,4,Nice product,"Phone is good. Good battery backup , upgraded camera.
But I feel refresh rate should be 90hz atleast."
64,5,Terrific purchase,"My Experience from January to till date was awesome, it gives you best performance in any features than other iPhones."
65,5,Worth every penny,Light weight phone. Camera and sound is fine and performance is highly appreciable.
66,5,Excellent,"The phone is pretty awesome! Switching from android to ios. Smooth performance, amazing camera and battery backup so far is great. Worth it!"
67,5,Does the job,Fully satisfied üëçüèª
68,5,Wonderful,Simply wow wow wow üòç‚ù§Ô∏è
69,5,Worth every penny,Good product
70,5,Just wow!,Nice
71,5,Super!,v v good
72,5,Must buy!,"This mobile is phenomenal, I like the camera most"
73,5,Excellent,"Upgraded from iPhone 11, The camera quality is awesome
The display quality is great and the dynamic island working perfectly
Happy with Apple and Flipkart"
74,5,Worth every penny,Just go for it.Amazing one.Beautiful camera with super fast processor
75,5,Best in the market!,"A fantastic product.

I was an iPhone 13 user I have upgraded to this. Brilliant display. I can see a great difference in battery backup. I can also say that the Dynamic Island helps in UI to the users. Looks premium. Price range might drop in a year.
Thanks for Flipkart sale days."
76,5,Wonderful,"Pros
48MP Camera With 2x Zoom.
Dynamic Island.
USB-C Port.
Superb Design and Premium Build.

Cons
Only 60Hz Display Refresh Rate.
Slow Charging.
No Action Button.
No Always-on Display.

Rating
Camera - 4.5/5
Battery - 4/5
Performance - 4.5/5
Charging - 4/5
Display - 4/5
Design and Build - 4.5/5
Sound - 4/5
Software - 4.5/5
Value For Money - 4/5
Overall Experience - 4.5/5

Hit Like üëç Button If This Review Really Helps You."
77,4,Value-for-money,Nice phone good
78,4,Wonderful,"Best phone i have ever used in terms of performance, photography and other features."
79,5,Fabulous!,"I was sceptical of online purchase but I was wrong I got what I ordered
Best phone ever"
80,5,Awesome,Loved this product ‚ù§Ô∏è‚ù§Ô∏è
81,5,Excellent,Awesome experience. thanks to flipkart
82,3,Just okay,Design and performance is good. But somehow I felt the quality and standard is not the same as it used to be. It does heat up while charging and prolonged usage. This is unexpected and unacceptable. Also there are connectivity issues with Apple CarPlay.
83,4,Nice product,"I have been an Android phone user since ever, until now.
The matte frosting on the back is marvelous and doesn't attract fingerprints or smudges.
I love the form factor as it's one hand friendly.
For better gaming experience users should opt for the plus size.
The screen is great with excellent outdoor visibility. The battery life is crazy good especially the standby time. Barely sips anything overnight. I am using an Android fast charger to charge this and the charging time is decent, no is...
READ MORE"
84,5,Mind-blowing purchase,Very good. Happy with the product. Camera quality and performance is amazing.
85,4,Wonderful,"iPhone 15 impresses with sleek design, powerful performance, and stunning camera upgrades. A technological leap forward, delivering a top-tier experience. üòçüòäüëç"
86,5,Mind-blowing purchase,Gud product
87,5,Awesome..,"Best in class Device, Apple never ceases to Amaze customers. Lightweight and sleek look. Matte back finish helps with a fine grip."
88,5,Awesome,Apple iPhone 15 blue 128GB GOOD MOBILE phone Name Aarif khan Alwar Rajasthan Indian
89,5,Worth every penny,Awesome...
90,5,Wonderful,Camera is so good
91,5,Must buy!,"Coming from iphone 12 mini.
Camera is definitely a upgrade over the previous generation.
Design outside remains the same. Pastel colours with matte finish.
The Dynamic Island is what i liked for the notification part.
Processor of previous generation pro models.
Overall a value for money among the 15 models.
Got it a great deal in flipkart clubbing exchange and bank offers.
Delivery was on time."
92,5,Terrific purchase,Nice one ü´∂
93,5,Super!,"Battery is good.
Performance i dont care because I dont do gaming
Design is Awesome.
Camera is phenomenal but there Are some lens flares when camera is facing the sun or any bright object.
There are no heating issues in my unit but it does feel warm sometimes when using the camera in sunlight.
Overall i love this green colour.üëåüëåüëåüëåüëçüëçüëç"
94,5,Fabulous!,"Camera quality are too Great
Display awesome
Battery is average
Design is very nice
Overall very good"
95,5,Terrific purchase,Excellent!!!
96,5,Awesome,Amazing camera quality
97,5,Classy product,awsm phone. best performance
98,5,Brilliant,Really its the best and richest design üòç
99,5,Terrific,Very nice
100,4,Nice product,Good one except the priceü•≤. If we have old one we can exchange and it would be much more less.
101,4,Delightful,"Design n Build Quality is Best in Class.
Performance is amazing.
Camera is Good."
102,5,Wonderful,This is undoubtedly the best in the market! Feels premium and also the performance is at par excellence! A beast in terms of camera quality and battery backup!
103,3,Nice,"Not giving a fast refresh rate is really a bad idea.
Shame on you apple...with this range of phone this kind of average feature should have been given."
104,5,Awesome,Awsm üòçüòç
105,5,Fabulous!,Overall same
106,5,Great product,Awesome quality
107,5,Just wow!,"The best part of camera is cinematic video which is fabulous. Rest of the things are good, but cinematic mode is on next level, higher rate is missing which may hurt phone noise cancellation is on. Also next level. Some small small features which make sweet point to use and make it different from android efforts of making iOS and developing some sweet sweet things are appreciable and if you have MacBook or iPad, ecosystem work, fantastically the best things for this iPhone is much much better...
READ MORE"
108,5,Super!,"Battery is good.
Performance i dont care because I dont do gaming
Design is Awesome.
Camera is phenomenal but there Are some lens flares when camera is facing the sun or any bright object.
There are no heating issues in my unit but it does feel warm sometimes when using the camera in sunlight.
Overall i love this green colour.üëåüëåüëåüëåüëçüëçüëç"
109,5,Fabulous!,"Camera quality are too Great
Display awesome
Battery is average
Design is very nice
Overall very good"
110,5,Awesome,"-Wonderful performance
-Camera quality is superb
-battery backup not that good
-sound quality is awesome"
111,5,Great product,Best photo for iPhone 15
112,5,Best in the market!,Switched from Redmi 12 5G to Iphone 15 . It feels like I have never used Phone. Totally Worth It and the Feeling of using Iphone is Super Awesome.
113,5,Excellent,Amazing one_____üòçüòò‚úåÔ∏è
114,5,Classy product,Camera is just wow. All classes clicks are done at night....phone Performance is awesome.... I'm writing now again for review...it's really maintained its premium image
115,5,Super!,Good
116,5,Super!,Awestruck by its performance üëå
117,5,Just wow!,Far better than 15pro no finger print even with moisturize hands
118,5,Terrific purchase,"Switching Android to ios awesome experience,I just love it . And thanks Flipkart for open box delivery option."
119,4,Good quality product,Overall performance is best.Good aesthetic and nice color. Only thing worries me that it gets really hot with increase of brightness and during 15 min video call..
120,4,Wonderful,"Everything lovely
Just for the first time u wont feel much difference b/w pro and non pro model iphones."
121,5,Brilliant,I just loved it üòçThank you so much ‚ù§Ô∏è
122,5,Terrific,This product is very good üëç
123,5,Terrific,"Mind blowing purchase, I received the right item. Thank you Flipkart.
If telling about iPhone its value for money
Great camera and video. 5/5
Display 5/5
Sound and heroics 5/5
Overall good."
124,5,Must buy!,"What a phone super performance with light weight.
Please find my details review as follows.
1. Camera - camera is super with very gud quality photo even at night as well.
2. Battery - battery backup is fine and will last for one day long.
3. Performance - iphone 15 performance is super. No lagging and no heating issue.
Cons-
1. Battery could be better at this price range.
2. Face recognition is not good as not always open with face ID"
125,5,Great product,"Overall Beast Performance üî•
10/10 Just Go For It üòéüëç"
126,5,Great product,The best one from appleüíô
127,5,Must buy!,Very good
128,5,Perfect product!,First time experiencing I phone. It feels premium and quality is awesome love it ‚ù§Ô∏è‚ù§Ô∏è‚ù§Ô∏è
129,5,Fabulous!,"Overall, I'm very happy with the phone. It's a great all-around phone with a powerful processor, a long-lasting battery, and a great camera. I would definitely recommend it to anyone looking for a new phone."
130,5,Great product,"Arrived on launch day and after using it for a day, the iPhone 15 is AMAZING. After almost 5 years it was finally time for me to upgrade from my iPhone XR. Set up was smooth and seamless, especially using iCloud to transfer data over.The display is greatly improved, and it gets a lot brighter which is helpful outdoors. The dynamic island works smoothly even on the standard model's 60Hz screen. This phone's cameras take highly detailed photos even without a dedicated telephoto lens. In terms o...
READ MORE"
131,5,Super!,"Amazing. This is my second iphone after 11 pro.
Used it for 3 days till now. No heating issue. While setting up the device/updating ios/transferring data - it didn't heat at all. Smooth experience. Best buy for 2024."
132,5,Excellent,"Only 90fps is need
And best phone of the year goes to this phone"
133,5,Wonderful,Look and design very nice
134,5,Awesome,"Amazing phone But
Now days Chapri people Drop apple's brand value."
135,5,Awesome,"Pros:
1. Incredibly smart device this year
2. iOS interface
3. Data Privacy
4. Premium build quality
5. Dynamic Island
6. Ecosystem benefits if you own other Apple devices
7. Powerful processor

Cons:
1. 60Hz refresh rate for a flagship (although not very noticeable)
2. No improvements to Siri
3. Expensive
4. Low possibility of repair"
136,5,Super!,"The product is good, the battery is decent and there are no heating issues as public mentioned before buying this.
Sound quality is amazing and no need speaker
Display and picture quality like theatre experience.
Small screen but lot of wonders"
137,5,Just wow!,"Bought it from flipkart, as I was getting the best price here!"
138,5,Excellent,"Mind-blowing
I love it
Everything is greattt
Very good battery backup, best camera, very good design.
Update after using for 1 week:
I legit have to charge my phone for 2times in a day else everything is great"
139,5,Worth every penny,"awesome camera looks like Captured DSLR quality
Sounds quality best
Battery backup is good not better and best
About performance i have no words"
140,5,Super!,"The best in class iphone. Many people may mock iPhone, but everyone have to accept that iPhone has the best in class features and technology. It is obviously not fair to compare iPhone and android because each have its own pros and cons. Seeing the features that iPhone provide at this price point is really of premium level and I am pretty sure you are gonna enjoy using this awesome device.
Speaking about specs, iPhone 15 has the best camera till date, the best display, awesome battery managem...
READ MORE"
141,5,Super!,Beautiful üçé
142,5,Best in the market!,super üëåüëåüëåüëåüëå
143,5,Worth every penny,As Expected ü§£üòÇü´£
144,5,Must buy!,Using this Iphone 15 from 1month and it has best Camera
145,5,Simply awesome,"It is a really good phone for daily tasks. The cameras are great 48mp photos are very sharp and detailed. You can relay on this phone for 5 years. I have other apple products and the ecosystem is also great. Everything works seamlessly.

For those who are switching from android:
Battery life is good in this phone but compared to my previous phone which had 4500mAh battery I have to charge this phone 2 times in a day almost after limiting the battery to 80%.
Overall it is a great phone the v...
READ MORE"
146,5,Waste of money!,Heating issue
147,5,Terrific purchase,Excellent!!!
148,5,Simply awesome,"Awesome.

Camera too good
Display too good
Battery Good
Feels too good"
149,5,Best in the market!,Beautiful camera and also updated features for iPhone 15.
150,5,Perfect product!,Very good deal and fastest delivery in next day.
151,5,Simply awesome,"Super
Good Product"
152,5,Brilliant,Loved it ü•∞
153,5,Perfect product!,Nice
154,5,Simply awesome,Amazing Camera and battery
155,5,Must buy!,Nice phone
156,5,Mind-blowing purchase,My mom gift
157,5,Mind-blowing purchase,Nice prodouct thank you flipkart
158,5,Fabulous!,Performance super
159,5,Mind-blowing purchase,Nice Overall performance. Loved the inhand feel of the device üòç Amazing camera quality
160,5,Simply awesome,Happy üòä
161,5,Fabulous!,Super
162,5,Awesome,Loved it. takes good pictures
163,5,Fabulous!,"Absolutely Amazing!
Premium matte body!"
164,5,Worth every penny,"Just wow
Buy it now"
165,5,Brilliant,Best phone nice camera and performance
166,5,Wonderful,"Pros
48MP Camera With 2x Zoom.
Dynamic Island.
USB-C Port.
Superb Design and Premium Build.

Cons
Only 60Hz Display Refresh Rate.
Slow Charging.
No Action Button.
No Always-on Display.

Rating
Camera - 4.5/5
Battery - 4/5
Performance - 4.5/5
Charging - 4/5
Display - 4/5
Design and Build - 4.5/5
Sound - 4/5
Software - 4.5/5
Value For Money - 4/5
Overall Experience - 4.5/5

Hit Like üëç Button If This Review Really Helps You."
167,4,Wonderful,I phone is phone nothing but it's a brand that makes the cost. Better should be more improved. And it gives heat.
168,4,Good quality product,"A Mixed Bag of Brilliance

The iPhone 15 flaunts an impressive camera setup, capturing moments with exceptional clarity and detail. However, users may encounter heating issues post 80% charge, which could disrupt prolonged usage. Occasionally, screen touch glitches may hamper the otherwise seamless user experience. Despite these setbacks, the iPhone 15 excels in performance and features. The standout Dynamic Island feature enhances productivity and personalization. Overall, the iPhone 15 is a...
READ MORE"
169,4,Wonderful,"Well, there is a little bit of hitting issue there, not at charging but in general operations. From design perspective, dynamic island is horribly thick for a 6.1 screen. It could have been smarter if the look was a little bit slim. What stops apple to increase the battery capacity now a days is beyond explanation. The Chinese manufacturers has definitely done a phenomenal job in terms of both the battery and charging. There's no trade Off there, it's a success for them. In software, the comp...
READ MORE"
170,4,Wonderful,"Actually phone is very good this is my first iPhone i found heating at back panel at normal usage also, it should be fixed asap because giving 80k for premium feel and still not feels worthy after heating, it gains heat very fast and cools down too but due to heat battery drop is very fast ."
171,5,Fabulous!,Very good product
172,5,Terrific purchase,Nice one ü´∂
173,5,Unrivalled performance and best camera system,"Guys dont listen to negative reviews about 60hz display and batter heating issues. ios makes you forget that you are using a 60hz display cuz its much better than a 90hz or 120hz display in android. zero bugs, amazing user interface, best camera in class. after using oneplus, samsung, redmi, realme, infinix and oppo for the past 10 years, finally am realising why people hype iphones. truly amazing experience."
174,5,Best in the market!,Awesome buy
175,5,Excellent,"Am a Android User First Time Switching To IOS Really Its Awesome (iphone 15)
Camera 5/5
Battery 4/5
Design 5/5
Display 5/5
Speaker 5/5"
176,5,Worth every penny,Android is better than ios
177,5,Just wow!,Excellent purchase battery life is good for medium usage but can get you through the whole day on single charge. Am just loving this phone
178,5,Perfect product!,"It was on republic sale. I got value for money.
Piece is genuine.
Camera is best with 48 MP primary lens.
Performance is very good.
There are some restrictions otherwise it is very good."
179,5,Awesome,just like a Wow
180,5,Simply awesome,"The product is very nice just switched from iPhone XR. Was thinking to buy Samsung S24 but happy with this purchase.

The camera is awesome
A single charge will last for a day"
181,5,Best in the market!,best camera phone ü•∞
182,5,Awesome,Nice
183,5,Worth every penny,Very nice phone im happy very good üëç
184,5,Perfect product!,"I can say the 60hz doesn't feel 60hz it is very smooth and may be because of apple
I was too worried about the 60 hz because I was switching from 120hz Android (realme GT master edition) to this one but after using iphone 15 I feel lags in my android 120hz
But I feel camera quality is avg but videography is next level
Love the speaker
Quality of display is just wow
Charging is also quite good and battery backup is also awesome
I am getting 5-6 hr gameplay(free fire+bgmi) from 100% to 25% qui...
READ MORE"
185,5,Wonderful,Very Best baseline iPhone ever. even if you have a iphone 14 it is still a upgrade. the new frosted glass and rounded edges make it premium feel. camera is just awesome. better than 14 pro camera. battery is just like iphone 14. type c is also a welcome with braided data cabel. just blue colour looks a lot like white.
186,5,Great product,Very powerful phone. Camera is extremely good if one can adjust the settings. Battery backup is awesome. Design is handy. Features are cool. Price is reasonable.
187,4,Wonderful,"Battery is worst!

I am moving from android, so i feel my 20k android phone is better than this iphone. Although i brought this for apple ecosystem!"
188,5,Super!,Fantastic
189,4,Value-for-money,"Phone is good built lightweight,handy, camera good quality, display great phone is nice if love it's OS and can spend that much"
190,5,Simply awesome,"Just Awesome ‚ù§Ô∏è

- Was bit skeptical about 60Hz but it feels extremely smooth.
- No heating issues at all.
- Camera quality is also good.
- Overall nice upgrade for me after using poco f1 for half a decade.

I would definitely recommend it. Just go for it you wont regret."
191,5,Great product,"Very good experience, highly recommended for upgrade"
192,3,Decent product,ok
193,3,Just okay,"The only thing I like about this phone is the camera quality and that is the reason I bought this phone.
I already have an Android phone which is less than 50% of its price and still is better in every aspect except the camera.
Well! Definitely, iphone 15 has a flagship level chipset but I am not a gamer and a normal user and I find mid rangers and flagship all perform at similar level in daily tasks.
While iphone 15 only has 60hz screen which feels choppy, all other phones have 120-144hz scr...
READ MORE"
194,5,Highly recommended,"A great phone with quality display 60Hz, average to good battery backup, speaker same as 14, camera is very good in this segment, performance toooo good for this compact sized phone almost never heated much except for charging and bgmi though normal for every phone. Dynamic island animations are great though not a fan of it still better than notch. And design is amazing very premium."
195,4,Wonderful,Not justifying the price .. bit disappointed about the display (refresh rate should be high).. no differences between 12 and 15 except brightness .. those who willing to upgrade plz be ok with your 13 .. there is very low difference in day to day life use..but the Dynamic Island is awesome it is way better than expected..
196,5,Classy product,Smooth üî•
197,5,Excellent,Having a great time
198,5,Classy product,"High quality camera

The iPhone 15 has a new 48-megapixel main camera. The new camera sensor is larger than the one in the iPhone 14, and it has better low-light performance. The iPhone 15 also has a new 12-megapixel ultrawide camera and a new 12-megapixel telephoto camera."
199,4,Very Good,"AFTER ONE WEEK OVERALL PERFOMANCE IS GOOD BUT FEW APPLE MUST IMPROVE 1. Design very Round on Corner gives a feel of baby Toy, 2. Some thing must improve in iOS 17 its very Classic in this mordern era like Auto Rotate not possible on photos you will have to go home select rotate lock etc."
200,5,Great product,Ilove apple üçéüíîüíï
201,4,Pretty good,Nice
202,5,Must buy!,Good üëç my 2nd i phone
203,5,Super!,Loving it!!! Delivery was quick .
204,3,Does the job,Device is getting too hot. It's looking like you have the burning stick.
205,5,Simply awesome,Awesome ü´†üòå
206,5,Terrific purchase,"Awasome Phone
Awasome Camera
üêº........Rest is History Dudu"
207,5,Mind-blowing purchase,Alhamdulillah One More Added By The Mercy Of Allah SWT üíó
208,5,Terrific,Good stuff.. bss thora battery cazual hai üíÄ
209,5,Classy product,Good mobile but charging is getting down fasttt
210,5,Worth every penny,All are good üòä
211,5,Highly recommended,Awesome battery backup. Best lowlight camera .
212,5,Must buy!,nice one
213,5,Highly recommended,Looking Like Monster ü§çüíô
214,5,Super!,Awesome I switched from Android it's great feeling just go for it ü•∞ü•∞ü•∞
215,5,Best in the market!,Very good product
216,5,Classy product,"This iPhone 15 is simply amazing. Was dicey about ordering it online as I was concerned if it would be genuine. But I got the iPhone which was in perfect condition. Talking about the phone and features, the camera is great and the iOS user experience is brilliant, performance is amazing, although the battery drains out a bit fast but with proper settings that can be handled too. Overall it's a great phone if you have the budget and it's the best time to buy if you're considering switching fro...
READ MORE"
217,5,Super!,Superb phone ‚ù§Ô∏è I am using last 5 year of iPhone
218,5,Mind-blowing purchase,Good camera
219,5,Super!,"This is my first iPhone, software is a bit confusing but we will get used to it by the time and the product quality is extraordinary. If you have budget and wanting an iPhone you can go for it. This phone is very compact."
220,5,Perfect product!,The colour blue is so good and the battery life is so long as compared to 14 the camera is much better than 14series best phone I experienced very good
221,5,Great product,Awesome performance and Pictures
222,5,Classy product,Good
223,5,Great product,Just wowwww ‚ù§Ô∏è
224,5,Mind-blowing purchase,Best deal
225,5,Great product,"I have recently switched from Android to ios, it does feel very strange at the beginning but now I am getting habitual to the ios
It is really very nice and feels premium. The camera is also very nice. I am fully satisfied with this purchase."
226,5,Fabulous!,Verrrry good product
227,5,Mind-blowing purchase,"This is adorable
Most important C type charger cable
I am happy with iPhones 15 series ‚≠êÔ∏è‚≠êÔ∏è‚≠êÔ∏è‚≠êÔ∏è‚≠êÔ∏è"
228,5,Perfect product!,Best phone
229,5,Worth every penny,"There is nothing to say more about this phone. I would just advise to understand your needs. You will get fewer customizable options, less flexibility etc. You have to be familiar with it if you are an Android user."
230,5,Must buy!,"I am very happy to buy it because its camera is very good and its performance is also very good, its features are also very good and will never make you bored. üòç"
231,5,Great product,Excellent phone
232,5,Excellent,Worth every penny .. Confused between pixel and iPhone but no regrets to buy an iPhone
233,5,Excellent,Camera is best quality
234,5,Highly recommended,Genuine product. Thank you flipkart
235,5,Best in the market!,Ok
236,5,Just wow!,"The iPhone 15 features a 48-megapixel main camera sensor
It is powered by the A16 Bionic SoC
The iPhone 15 now comes with Dynamic I"
237,5,Mind-blowing purchase,Best Iphone
238,5,Simply awesome,I loved
239,5,Highly recommended,Nice product but battery issues please solow
240,5,Super!,ü§óü§ç WOW - GreatiPhone
241,5,Fabulous!,Best deal
242,5,Must buy!,"Good display, improved display brightness, awesome camera"
243,5,Simply awesome,Great product:)
244,5,Awesome,Nice Product
245,5,Classy product,Best compact phone for long term.
246,5,Awesome,U all know about iPhone 15 so am very impressed with blue colour damn beautiful ‚ù§Ô∏è
247,5,Must buy!,Good
248,5,Wonderful,"Awesome experience in my opinion. I am first time iPhone user. And can say:-
Camera: 10/10
Performance: 10/10
Display: 10/10
Battery: 8/10"
249,5,Terrific purchase,"Awesome phone, thanks to Flipkart for quick delivery. This is my 1st iOS experience so very excited ."
250,5,Wonderful,Good morning
251,5,Perfect product!,"Great phone!
Thank you flipkart."
252,5,Fabulous!,Awesome
253,5,Simply awesome,for me its 10 out of 10‚ú®
254,5,Excellent,Beautiful phone
255,5,Highly recommended,"The camera of iPhone 15 is very good because I am using it, everything is working fine, many people are saying that the battery is not working but this is wrong, I am using it and it works fine‚ù§Ô∏è"
256,5,Simply awesome,Very Fabulous
257,5,Simply awesome,Very good product
258,5,Must buy!,Super experienceüòòüòò
259,5,Fabulous!,Awesome...
260,5,Terrific purchase,The phone looks good in green color
261,5,Perfect product!,Amazing camera but battery perform not good
262,5,Worth every penny,Upgraded from iPhone 12 to 15 every thing is nice but little bit heating issues is coming while charging the phone I requesting apple to kindly resolve this issue in next update.
263,5,Simply awesome,"Body gets heated up. Apart from that, all good! Type C charger is a good relief! And amazing delivery by FlipKart too!"
264,5,Brilliant,NICE
265,5,Terrific purchase,Nice product but battery üîã quality Bad
266,5,Just wow!,Awesome Gaming and Photography Experience
267,5,Highly recommended,It's an awesome experience but if ur a vlogger u need and android must but other wise it's a great iphone till dateüëç
268,5,Terrific,Nice prod
269,5,Worth every penny,Most useful device
270,5,Super!,Nice product
271,5,Highly recommended,Excellent phone battery bakeup is also good
272,5,Must buy!,Wonderful üëåüèª
273,5,Awesome,Very good handset once you purchase not change the Apple brand. üíØ original apple brand and authorised for Flipkart seller.
274,5,Perfect product!,Osm product
275,5,Worth every penny,All good in this n camera superb
276,5,Brilliant,Amazing product .camera quality is decent Sound quality is amazing Display quality is superb.battery quality good overall very good.
277,5,Must buy!,Night mode is so smooth
278,5,Best in the market!,Awesome Phone with awesome camera. Updated from iphone 13 to 15 I love this.
279,5,Worth every penny,"As always fast delivery by flipkart,Stunning design, powerful performance, and exceptional camera quality define the iPhone 15. With its sleek build, vibrant display, and lightning-fast chip, it's a flagship smartphone that delivers on all fronts. Capture breathtaking photos, enjoy seamless multitasking, and experience all-day battery life. The iPhone 15 is a premium choice for those who demand the best.

Go for it without any thinking if you are trying for premium segment."
280,5,Excellent,Camera quality Superb
281,5,Classy product,Awesome
282,5,Brilliant,Over all good after 20 days use I like it
283,5,Wonderful,Awesome Product Just Love It
284,5,Awesome,Awesome product go for it with out second doubt ü©∑
285,5,Best in the market!,Very good
286,5,Fabulous!,Bery bery good
287,5,Highly recommended,Nice
288,5,Brilliant,Brilliant
289,5,Must buy!,Awsm
290,5,Wonderful,Nice phone
291,5,Great product,Osm
292,5,Fabulous!,Loved it
293,5,Terrific,Amazing camera pic üòç
294,5,Worth every penny,Amazing camera quality
295,5,Must buy!,Nice
296,5,Simply awesome,Best quality
297,5,Classy product,Awesome mobile
298,5,Great product,Best
299,5,Brilliant,"Greatest Phone ever.
Apple rocks."
300,5,Perfect product!,Mobile I got from Flipkart is really original and genuine
301,5,Mind-blowing purchase,I have used this 1st time and never had an iPhone before this one and it's amazing just loved it...
302,5,Highly recommended,good üì±
303,5,Just wow!,Nice camera and battery also.
304,5,Highly recommended,Camera Quality üëåüíØüëå
305,5,Terrific,"1. It is the best phone and worth every rupee in terms of its user interface, unique eco system, siri and some other options which can be copied by other manufacturers but cant replicate (if incase a person thinks iphones are bit overpriced - they are pricing for their unique features)
2. In terms of camera, display, performance and in every other aspect it gives best output.
3. In terms of this iPhone 15 series, the upgrade in this series is of leaps and bounds compared to other upgrades ...
READ MORE"
306,5,Brilliant,"This is my first mobile from apple. Powerfull performance, very good camera..next level display.. 5 out of 5"
307,5,Terrific purchase,Best Camera
308,5,Worth every penny,Just wow
309,5,Wonderful,Phone is super duper very nice hasome wonderfull miracle
310,5,Really Nice,Best phone
311,5,Super!,Superb Performance ‚ú®
312,5,Wonderful,"The innovative new design features back glass that has color infused throughout the material. A custom dual ion-exchange process for the glass, and an aerospace-grade aluminum enclosure, help make iPhone 15 incredibly durable. Dependably durable."
313,5,Just wow!,Money worth it
314,5,Excellent,Good Performance.
315,5,Wonderful,Super excited
316,5,Must buy!,Better
317,5,Best in the market!,"Genuine product received.. the product is awesome.. no need to tell its worthiness because it is from Apple Inc.üòäüëçüèª
Thanks flipkart for prompt deliveryüòä"
318,5,Worth every penny,It's awesome
319,5,Excellent,The Experience with new features is Amazing . Definately iphone 15 is better than 13 or 14 .
320,5,Terrific,Good photo sutu
321,5,Great product,"Long time android user. Thought of giving iOS a try.
And now I understand why apple is apple. The highlight is the interaction between the hardware and the software.
Android feels clunky in front of iOS. (Have used all Android skins and currently on s24+)"
322,5,Wonderful,Best all-rounder flagship level camera
323,5,Great product,It can be more better if display refresh rate has 120hz
324,5,Just wow!,Honest review after using it for a month! Best phone of apple so far camera battery performance are on top notch!
325,5,Fabulous!,Pwoli item
326,4,Delightful,"Phone super
Battery poor"
327,5,Very Good,Good camera and battery but ios is still far behind than Android in terms of ease.
328,5,Must buy!,Awesome colour
329,5,Highly recommended,This phone has comfy feel
330,5,Terrific purchase,amazing product
331,5,Mind-blowing purchase,Nice phone iam happy
332,4,Good choice,"All over i find it good except the heating issues, of course its type C but when you charge it with other cable it will heat like hell, and if you take it out in noon time and take photos ,it will heat else there were no performance or body shading issues ,the in hand feeling is awesome"
333,5,Worth every penny,Good
334,5,Perfect product!,"Nice product,,and delivery is awesome"
335,5,Super!,"Very nice, beautiful"
336,5,Excellent,Best product...
337,5,Must buy!,"Excellent product
Safe Secure Reliable"
338,5,Awesome,Good
339,5,Just wow!,op most value for money product
340,5,Great product,Good
341,5,Must buy!,Good
342,,Not recommended at all,Heating issue
343,5,Great product,Amazing
344,5,Fabulous!,Best inclass . Should have been little smaller.
345,5,Must buy!,Very good camera quality and performance
346,5,Wonderful,very nice 15
347,5,Perfect iPhone now to buy,"iPhone is always the best in every quality category. Earlier, there were battery backup issues, but I am getting more than a day of battery backup. The island display in the basic model is really exciting, which was earlier in the Pro model only. I recommend you guys to go for it without any thought, if you don't require a high refresh rate display."
348,5,Terrific purchase,Excellent phone
349,5,Just wow!,Product was genuine and great.
350,5,Wonderful,Iam happy
351,5,Excellent,My first iphone switch and i love it!!!
352,5,Brilliant,Nice phone üì±
353,5,Simply awesome,I'm just telling about this phone this phone is really a dynamic change in iPhones history... And it's really great deviceüëèüëè
354,5,Awesome,The best mobile in India
355,5,Perfect product!,Bumper mobile..
356,5,Mind-blowing purchase,Delivery was delayed but the product was good.
357,5,Super!,Premium look and quality with excellent performance
358,5,Perfect product!,Superb phone on best deal
359,5,Super!,Awesome phone
360,5,Super!,Buy without thinking. Best device
361,5,Brilliant,Battery life is unbelievable
362,5,Perfect product!,Nice phoneüòç
363,5,Awesome,Nice products
364,5,Terrific purchase,Wonderful
365,5,Mind-blowing purchase,Nice product I'm really like
366,5,Awesome,"Got it in republic day sale however price has been slashed after that, you feel bad if you have already paid extra for it.

Offers for Flipkart Axis bank card was discontinued that time.
I own s23 ultra as well the handy feel of iPhone is non comparable."
367,5,Super!,This phone is ü§©ü§©wow
368,5,Best in the market!,This is nice product
369,5,Classy product,Gud phone
370,5,Best in the market!,The camera is so beautiful and it takes good pics in portrait mode here are some sample pics
371,5,Just wow!,"Just take it without asking anyone,"
372,5,Great product,Camera quality is quite good. The battery lasts a little less. Well the phone is overall good.
373,5,Great product,Camera is awesome display and sound quality is amazing
374,5,Great product,Nice phone speakers display and camera quality amazing
375,5,Simply awesome,"I upgraded because of the band that is 5G and a better camera , look wise it is good and weight is comfortable to carry. Dynamic Island if catchy to eye. It keeps the Apple standard, gels well with Apple ecosystem like AirPods , iwatch, mac . Though a little pricey at this point but one may wait for or some sort of discount offers."
376,5,Just wow!,Most value for money iPhone ever.
377,5,Worth every penny,Just go for it.Amazing one.Beautiful camera with super fast processor
378,5,Super!,Amazing phone just no words to say...just one complaint that some features are easy on Android but in ios its takes more time to do it...
379,5,Mind-blowing purchase,Decent phone but battery could be better.
380,5,Fabulous!,"I was sceptical at first about moving form an android to ios. I was confused between s23 and ip15 but i bought this phone and i must say i am very happy about it. I have not faced any issues in this device since I have been using it, no heating while gaming, charges quickly, and believe me if you have been using 60hz panel before this you will not have any problems but coming from a 120hz panel you might need some time adjusting to it. All in all this has got to be the best phone under 70k ca...
READ MORE"
381,5,Highly recommended,Loved it
382,5,Classy product,Awesome pictures
383,5,Highly recommended,Fully satisfied with the product
384,5,Perfect product!,Fully satisfied üëçüèª
385,5,Best in the market!,"BEST camera and performance,"
386,5,Worth every penny,"Excellent camera, display, design and overall functionality. It's a way better experience than Android. The mobile backside is heating quite a bit when taking continuous shots."
387,5,Terrific purchase,Amazing
388,5,Terrific,Classy üòéüòé
389,5,Worth every penny,Awesome :)
390,5,Classy product,Looking nice üî•
391,5,Best in the market!,I am sharing my review after using this mobile for 1 week.. really awesome and easy to use.. I like this mobile very much the only drawback is battery life
392,5,Awesome,Very excellent product
393,5,Must buy!,More benefits for use
394,5,Great product,Great product again from apple.Worthy upgrade from iPhone 14. Dynamic Island is great. Battery easily last for a day.. Happy with the product.
395,5,Awesome,Massive
396,5,Awesome,Switch from OnePlus to iPhone I am stunned with camera performance. Everything is perfect on iPhone 15.
397,5,Pretty good,Gd not bad
398,5,Terrific,Super cool camera
399,5,Terrific purchase,"Just wow product from apple

Battery is enough for full day and screen quality is best .you know about camera of apple"
400,5,Perfect product!,So far so good!!!
401,5,Mind-blowing purchase,Superb.....
402,5,Mind-blowing purchase,As usual awesome product from Apple
403,5,Simply awesome,My first iPhone and it is really awesome
404,5,Worth every penny,Great quality of camera and overall performance of the phone
405,4,Delightful,Nice
406,5,Must buy!,Good
407,5,Super!,The best till now
408,5,Great product,First iOS upgrade of my life...Loved it's many features as
409,,Slightly disappointed,The products are good but Flipkart services are very third class and exchange services are very third class and they didn't have knowledge for exchanging the product .
410,4,Good quality product,camera quality is best
411,5,Decent product,Lags sometimes. Everything is upto mark but perfomance lags a bit in 128 gb version. Well hoping for updates and more so tht it can be fixed.
412,4,Pretty good,Good
413,4,Nice product,Nice product thanks üôè
414,4,Very Good,Nice products ‚úåüèªüëç
415,4,Pretty good,Every thing is just perfect .. but battery should be more ‚úåüèª
416,4,Good choice,Shifted from Android... ios feels smooth despite having 60hz screen. Device is currently on ios17.4 haven't updated yet as there is issue in next release. No heating or battery issue in this release.
417,4,Good choice,Nice
418,4,Delightful,Amazing to good
419,4,Nice product,It is a good product
420,4,Nice product,"Great product. Authentic and original. Got heating issue just after opening the phone but it instantly got resolved when I updated the software.
Camera quality doesn't meet the expectations it shakes too much while shooting a video."
421,4,Pretty good,"Best for photography/videography
Pocket rocketüí•
Totally worth itüî•"
422,4,Very Good,Best product but sometimes hang.
423,4,Wonderful,Good camera
424,4,Really Nice,Worth Varma
425,4,Good choice,"Camera is üî• and performance is amazing but phone will get over heated when we are on FaceTime. Battery will drain so easily, i had to re-charge my phone 3 to 4 times if we are watching 2 movies.

Overall i am happy with this phoneü§©"
426,4,Pretty good,Nice product
427,4,Value-for-money,"Had bought this as a replacement for my iPhone XR. Switching to this brings mixed feelings. In few areas iPhone XR is still superior viz, more ergonomic and more battery efficient.
Still I believe it is a good upgrade."
428,4,Really Nice,Photo Quality is Excellent But Battery performance and Heat issue
429,4,Worth the money,Awesome product üî•
430,4,Not recommended at all,I want return this mobile due to Heating problems hanging issues
431,4,Delightful,The product is good but sometimes feels like a heating issue.
432,4,Good choice,Good
433,4,Nice product,Good product
434,4,Pretty good,"Just wow .camera,sound,battery good."
435,4,Delightful,Camera is super battery backup nice and performance is great
436,4,Good quality product,"Battery stand by time 6hrs only and have heat issues some times in normal usage. Otherwise
good product from apple side.üíØ"
437,4,Good quality product,Nothing to say amazing
438,4,Worth the money,Phone is great.
439,4,Nice product,mind gloing phone
440,4,Good choice,Product is good... Camara quality is excellent.. better battery expected...
441,4,Good choice,Ok
442,5,Simply awesome,Product is good. only disadvantage is the 60hz refresh rate display with 6gb ram. Apple should fix this with the new iOS update.
443,5,Just wow!,"Awesome switch from android to IOS ,just loving it"
444,4,Good choice,Good all specification but need to improve battery
445,5,Wonderful,perfect phone
446,3,Decent product,OK
447,3,Fair,"Phone is very good
But heating problem is still continuing
Heat problem is very very disappointing meüò§"
448,5,Mind-blowing purchase,"Awesome phone,
*Camera is excellent
*Battery backup is superb just like an Android phone
*Performance is brilliant
I phone 15 is best phone"
449,4,Good choice,Mobile is amazing and super But Front camera lightly disappointed no sharp and beauty and compare to android phone is better possible to software update for camera over all mobile also Good
450,5,Wonderful,Mostly i m using last 10 days an i feel it is very cool and amazing phone battery backup is too good like andoride
451,5,Fabulous!,Super
452,3,Just okay,the phone is fine but the delivery is very late.
453,5,Terrific purchase,Nice experience
454,5,Excellent,Excellent
455,5,Excellent,Fabulous experience
456,4,Value-for-money,Good...
457,5,Best in the market!,"Battery life veryyy good , camera flagship level , display 9/10 and performance is one of the best ."
458,4,Pretty good,Overall good but need to improve in display at-least 90 fps display requires
459,5,Classy product,Good experience with Flipkart
460,5,Perfect product!,Awesome
461,5,Excellent,Super
462,5,Must buy!,Mind blowing üòé
463,,Absolute rubbish!,While comparing with 14pro its bit slow response and also battery heating high in 15
464,5,Fabulous!,Camera quality is better ü´°
465,,Waste of money!,Charging cable not working
466,,Not recommended at all,Camera is very bad and battery üîã power is very slow.
467,5,Classy product,"1.) very very nice product specially the camera is superb and the battery backup is also very nice thanks flipkart for delievery on time.
2.) looks and and in hand feel is premium.
3.) notification button adds fuel to the fire."
468,5,Mind-blowing purchase,Valuable Purchaseü´°
469,5,Mind-blowing purchase,"Iphone is iPhone, doesn't need a review.
Nice product"
470,5,Brilliant,Excellent
471,5,Best in the market!,Camera quality is superb and battery backup also.
472,4,Good quality product,good
473,5,Great product,Good condition
474,4,Really Nice,Good üëç
475,4,Really Nice,nice phone but battery üòí
476,5,Awesome,ü•∞ thanks Flipkart
477,5,Fabulous!,Very nice
478,5,Excellent,Really i m satisfied this is best colour (blue) running heavily
479,5,Excellent,Nice
480,5,Perfect product!,Very nice
481,5,Awesome,Awesome phone
482,4,Fair,Nice phone
483,4,Wonderful,Good one
484,5,Worth every penny,"The product has been to our satisfaction, as it is an Apple product."
485,,Unsatisfactory,Over hearting when video camera is on just more then 15 minutes
486,4,Nice product,Nice product
487,5,Must buy!,"Camera photos is equivalent to Pixel 6a. Videos is top notch.
Rest of the things are top notch."
488,3,Decent product,Too much buggy
489,5,Terrific,All fine and value of product supburp
490,5,Excellent,Good
491,5,Wonderful,Perfect üëç
492,,Worst experience ever!,"Product is gone on recovery mode while updating software
After one month of getting an issue"
493,5,Must buy!,Just OSMü•≥‚ù§Ô∏è
494,5,Wonderful,Happy
495,5,Great product,"Got it during Flipkart offers
Beast Camera üî•"
496,5,Terrific,thank you flipkart‚ù£Ô∏è
497,3,Nice,Super phone
498,5,Worth every penny,Genuine
499,4,Very Good,Good
500,5,Terrific purchase,Love the new iphone
501,5,Must buy!,Great product
502,5,Just wow!,Superb
503,5,Simply awesome,"-Osm Camera.
-Good battery life.
-In hand feel is so good."
504,5,Wonderful,Best Phone just go for it
505,4,Value-for-money,Best
506,5,Excellent,Good Performance and Design
507,5,Highly recommended,"Lovely product ‚ù§Ô∏è
Lovely colour blue üíô
Amazing product love it
Camera awesome
Performance awesome"
508,5,Classy product,"Excellent camera.
Overall great phone to have."
509,5,Awesome,Good quality
510,5,Worth every penny,"After using the iPhone 15 for a week, I'm thoroughly impressed. It's sleek design and vibrant display make it a joy to use for both work and entertainment. The camera system captures stunning photos, and the performance is lightning-fast, handling everything I throw at it effortlessly. Battery life has been solid, easily lasting me through a full day of usage. Overall, the iPhone 15 has exceeded my expectations and quickly become an essential part of my daily life."
511,5,Excellent,iPhone is iPhone
512,5,Super!,Very securely packed. The delivery person was very courteous. The Iphone15 looks very good and its performance is very good and looks very pretty.
513,5,Simply awesome,Very very very nice awesome camera.. I love it
514,5,Classy product,"The iPhone 15 is amazing! It looks sleek, works super fast, and takes awesome photos. It's like having a mini supercomputer in your pocket that also happens to be a top-notch camera. If you love tech, you'll love the iPhone 15!"
515,5,Brilliant,Good product with good discounts on Flipkart you can buy it through Flipkart easy process easy to buy best offers best price then other offline/online platform
516,5,Must buy!,Awesome phone
517,,Hated it!,"Phone is extremely wow
but the delivery partner was very poor and talking about bribe to reduce extra cost which is to be paid during phone exchange test.
They were talking about if exhange amount which had been paid cash during exchange test failed and amount is above 5k ,give them 5 star rating and his company will credit 2k amount to flipkart wallet
And on this they were negotiating for bribe they need profit and some certain amount on it.
Flipkart must be look these issues on priority t...
READ MORE"
518,5,Just wow!,Nice
519,3,Good,Mobile generat more Heating.
520,5,Awesome,"Product is Really Good But Sometimes it gets so hot specially while charging and while using camera but on still it's performance is not affected by heating OS no doubt is the best performance is fast and well optimised specially app opening gaming and while doing normal tasks battery performance also good you can use one whole day while performing normal tasks and while gaming you will get 5 hours of battery backup . Camera no doubt is the best specially for video shooting captures more deta...
READ MORE"
521,4,Nice product,Overall good camera
522,5,Terrific,Perfect
523,5,Classy product,This product is awesome üëçüëç
524,5,Great product,Awesome
525,5,Awesome,Good pic
526,,Unsatisfactory,Low battery level
527,4,Value-for-money,"Good, phone gets heated while charging."
528,5,Best in the market!,Look like haven
529,5,Wonderful,Good
530,5,Super!,It worth every penny
531,5,Terrific purchase,Great to have I phone
532,5,Great product,"Overall the design aesthetic of the phone is really good.. the phone gets a bit hot during charging which is quite expected! However the camera of this phone really captures really clear in depth images which makes the phone really worth it.. the UI is very smooth and softwares are flawless.
Recently i shifted from an android device to iOS the transition was really smooth and there was no loss of important information."
533,5,Simply awesome,iPhone 15 is really very excellent and best is use
534,5,Highly recommended,Excellent
535,,Waste of money!,"After using of 4 months I am giving this feedback. My mobile is heating during the charging and also while using the camera I fell the same and charging is also drained out quickly.
One more thing Apple is a such reputated company and the Apple iphone 15 series having issues else any other issues don't know. But the mobile which I have purchased from flipkart is having the issues are the issues is from Apple iphone end don't know.
Why am not able to post this
But as my experience camera ...
READ MORE"
536,5,Just wow!,Best camera
537,5,Perfect product!,Very nice
538,5,Great product,Super
539,5,Simply awesome,Amazing! I bought it last week and it's working good I'm happy üòä
540,,Waste of money!,Not a happy heating problem. I lost my money.
541,5,Wonderful,Nice phone
542,4,Good choice,Nice
543,5,Awesome,Good
544,5,Best in the market!,Amazing
545,5,Terrific purchase,Awesome
546,5,Excellent,Loved it !!!üòç
547,5,Simply awesome,very nice product sound quality awesome
548,5,Just wow!,My second iPhone upgraded from 14 128gb to 15 256gb
549,5,Terrific purchase,Overall the product is very good.....But it heats so much after 2 hours of use ..... But don't worry about that it is due to the summer season üôÇ
550,5,Highly recommended,Awesome iPhone as always. More upgrades as compared to previous generation of iphones like type c connector and dynamic island.
551,4,Delightful,nice product
552,3,Good,Battery backup is very bad its worst ever
553,5,Brilliant,Superb Product
554,5,Mind-blowing purchase,Good
555,4,Value-for-money,it is best phone of India
556,5,Super!,Good
557,5,Classy product,Nice
558,5,Simply awesome,Amazing
559,,Slightly disappointed,Very limited exper
560,5,Terrific purchase,Really good
561,5,Great product,Nyc product
562,5,Highly recommended,Good
563,5,Excellent,Very good phone
564,5,Best in the market!,"Most liked - camera, speed, accessibility and infuged color of the phone"
565,5,Fabulous!,It was good product
566,5,Classy product,Excellent camera and stylish and handy
567,4,Good quality product,Good
568,5,Brilliant,All good
569,5,Fabulous!,Good
570,3,Nice,Hitting issue
571,5,Highly recommended,Awesome phone
572,5,Classy product,Excellent........
573,5,Worth every penny,"After switching from android to iphone, it is a great pleasure for me to use it. Smoothly running"
574,,Not recommended at all,Camera quality is very bad and heating problem.
575,5,Perfect product!,Nice capture in night
576,4,Good quality product,"Pros: The phone is excellent in Performance, design, Camera, Battery. Amazing phone
Cones: The only thing which should have been given is fast charging"
577,5,Fabulous!,"So beautiful, so elegant, just a vowwwüòç‚ù§Ô∏è"
578,5,Must buy!,Superb ü•∞
579,5,Terrific,Picture quality is superb along with handy design. Power backup is not up to mark and could have improved.
580,5,Brilliant,"If you need a smartphone that can shoot mind-boggling photos and videos then you are in the right place. Shifted from Android to ios, sharing files is a little bit of a headache but will get used to it. And of course a better and reliable brand to have."
581,5,Perfect product!,nice
582,5,Classy product,"Smooth to handle, very light weighted"
583,5,Wonderful,Very nice ‚ò∫Ô∏è
584,5,Terrific purchase,Amazing iphone I am very happy üòä
585,4,Wonderful,very good product
586,5,Mind-blowing purchase,Writing a review after 2 months use and its amazing performance and likely this performance to be continue
587,5,Highly recommended,Awesome
588,4,Wonderful,"Overall good, battery back up needs to be more improve"
589,5,Best in the market!,great experience
590,4,Good choice,Worth for money
591,5,Awesome,Best phone ‚ù§Ô∏è I love it.
592,5,Wonderful,Nice product from apple
593,3,Just okay,"Camera quality not so good.
Smaller in size.
Less performance of software with respect to Android phone.
Sound is good
Design is now outdated and boring"
594,,Terrible product,Heating like heater
595,5,Fabulous!,I love this product
596,5,Classy product,Heat issue even we use the original charger while charging
597,4,Pretty good,Its awesome...
598,5,Highly recommended,Great üëçüèª value for money
599,5,Awesome,nice and timely delivery
600,5,Worth every penny,Good
601,3,Does the job,Product is ok. But pathetic delivery service by ekart.
602,5,Great product,A good product. Impressed with the camera quality and smooth interface of iOS
603,5,Just wow!,Awesome
604,,Expected a better product,Heating issue while charging. It is too much heating during charging like android phones
605,5,Terrific,Mind blowing product iphone 15
606,4,Nice product,"Need to increase battery performance
Need to work on camera in low light or night"
607,5,Excellent,Gd product ü•∞
608,5,Perfect product!,"Great product
Gets a little warm while charging as of 17.4.1 update.
When using camera outside for about 40 min it got a little warm. Hopefully Apple will fix it in the latter updates.
Games like Genshin, Free fire, and pubg all run like butter. For Genshin expect the heat since it is heavy.
Rest all is well optimised, it took me a little while to adjust from android"
609,4,Good choice,camera quality is excellent
610,5,Mind-blowing purchase,This is the power of iphone. Great picture quality.
611,5,Terrific,Wowww camera
612,5,Highly recommended,My first iPhone amazing product thanks apple
613,5,Must buy!,Best Phone Ever
614,,Moderate,battery life is just 3-4 hours of screen time on full charge
615,,Terrible product,Battery issue
616,5,Best in the market!,Simply stunning and superb
617,5,Terrific purchase,Super
618,5,Simply awesome,Nice prodect
619,,Worst experience ever!,Not possible to take back up from Android phone
620,5,Just wow!,"Just Awesome, no Words to express"
621,5,Just wow!,Best in class!!!
622,4,Good choice,Phone has everything but 60hz is kind of outdated
623,5,Mind-blowing purchase,The best phone by apple. Very lite weight and handy. Excellent performance and amazing camera. The best apple phone so far
624,5,Fabulous!,The perfect phone from Apple üíï
625,5,Classy product,Good
626,5,Highly recommended,Good üëçüèΩ
627,5,Mind-blowing purchase,"Nice product, Good"
628,3,Nice,"Not giving a fast refresh rate is really a bad idea.
Shame on you apple...with this range of phone this kind of average feature should have been given."
629,5,Excellent,A powerful Beast
630,4,Good quality product,Yellow is like off white
631,5,Highly recommended,No one can beat iphone camera
632,5,Excellent,Absolutely loved it üòç
633,5,Best in the market!,Switched from Redmi 12 5G to Iphone 15 . It feels like I have never used Phone. Totally Worth It and the Feeling of using Iphone is Super Awesome.
634,,Terrible product,Overheating issue. Generate lots of heat while doing normal operations.
635,5,Mind-blowing purchase,Awesome product
636,5,Worth every penny,"Camera is superb, performance is outstanding, battery is ok ; overall very good in all Aspects"
637,4,Really Nice,Nice
638,5,Super!,"Very nice, beautiful"
639,5,Mind-blowing purchase,This phone is awesome but without 90 aur 120HZ the phone feels like slow
640,5,Best in the market!,Got this phone in a very nice deal.
641,4,Pretty good,"Just wow .camera,sound,battery good."
642,4,Really Nice,Video quality is good but camera performance needs improvement
643,4,Pretty good,"In every aspect this compact iPhone is outstanding
I am little bit disappointed with heating. Otherwise this is perfect"
644,5,Excellent,Just wowüòç
645,5,Just wow!,Superb phone with top notch features. As expected!
646,5,Awesome,Good
647,5,Great product,GOAT
648,5,Worth every penny,"Overall: The iPhone 15 is a fantastic phone for everyday use, it offers a compelling blend of performance, camera prowess (no doubt the best camera), and battery life (as per my use it is easily lasting 1 full day). However, the lack of a high refresh rate display and the underwhelming charging speed hold it back from being truly exceptional.

Pros:
Superb Cameras: The 48MP main sensor captures stunning photos with excellent detail and dynamic range. Low-light performance is also impressive. ...
READ MORE"
649,5,Best in the market!,Excellent performance
650,5,Wonderful,very good phone
651,4,Pretty good,Osm
652,5,Just wow!,Product was genuine and great.
653,5,Excellent,Amazing one_____üòçüòò‚úåÔ∏è
654,4,Worth the money,"Can be better
1. 60hz refresh rate
2. Camera design"
655,5,Super!,Good
656,5,Brilliant,Best iPhone
657,5,Worth every penny,Light weight phone. Camera and sound is fine and performance is highly appreciable.
658,5,Mind-blowing purchase,Love It üíï
659,5,Excellent,My first iphone switch and i love it!!!
660,5,Classy product,Genuine product
661,5,Classy product,Only one without adequate product knowledge can be unhappy with Apple products. Expensive but outstanding product.
662,5,Terrific,Overall good product and best for cinematic video.
663,5,Simply awesome,I'm just telling about this phone this phone is really a dynamic change in iPhones history... And it's really great deviceüëèüëè
664,5,Classy product,Good quality
665,4,Wonderful,Nice product
666,5,Terrific purchase,Good
667,5,ONE OF THE BEST DEAL ON FLIPKART,Yes there are some issues in heating but it is definatley a excellent product as well as one very much important thing too add that you would absoulutely get orignal product from flipkart no need to worry about that and the seller is also geniune.
668,5,Super!,Osm camera battery backup is fantastic loving the new features
669,5,Must buy!,"Good
Better
Best
I love this phoo
Performance best
Camera best
Backup best
Size best to carry
Selfie chumeswari"
670,5,Classy product,Awesome and smoth
671,5,Great product,Great product again from apple.Worthy upgrade from iPhone 14. Dynamic Island is great. Battery easily last for a day.. Happy with the product.
672,5,Terrific,Camera quality is great but slightly laggy
673,3,Useless product,Heat issue during charging and slow charging
674,4,Value-for-money,My first ios experience is good i like this product ‚ù§Ô∏è
675,5,Brilliant,Go for without hesitation
676,5,Terrific,Apple of the Eye
677,5,Super!,outstanding ü§©
678,5,Classy product,Nice product.Must buy.
679,,Not recommended at all,Phone getting hot.
680,5,Worth every penny,Good
681,5,Super!,Very good.
682,5,Must buy!,Ok Veri Good nice
683,5,Highly recommended,"This is my dream phone , i am using my 1st iphone . Unfortunately it got an accident, dropped form 2nd floor on road on its screen side, but i am lucky that it got just a dent in one corner, how strong it is‚úåüèª. Nothing happened with this phone , i am using it smoothly ‚ò∫Ô∏è."
684,3,Does the job,Phone is good just two issue refresh rate of 60hertz and USB 2.0 at this price range is not acceptable atleast 90hertz and USB 3.1
685,5,Worth every penny,The name is enough Appleüçé
686,5,Excellent,Except for battery backup and slight performance delay it's a super Flagship
687,5,Excellent,Grt performance
688,5,Awesome,Really good üëç
689,5,Super!,Superb phone ‚ù§Ô∏è I am using last 5 year of iPhone
690,5,Fabulous!,Outstanding as always expected from apple
691,,Horrible,Battery heating issues
692,,Worst experience ever!,Phn battery was coming Heat when I was putted to charge
693,5,Super!,Best in class phone
694,5,Terrific purchase,Good
695,,Worthless,Dumb phone
696,3,Good,Good
697,5,Best in the market!,I loved this‚ù§Ô∏èand thank you Flipkart for 1 day delivery ‚ù§Ô∏è
698,5,Brilliant,Love iPhone 15
699,5,Must buy!,Amazing design quality and I love this iPhone
700,5,Fabulous!,Stunning üíôüíô
701,5,Simply awesome,Simply AWESOME üòç
702,5,Brilliant,Ok
703,5,Terrific,Just wow
704,5,Brilliant,"Amazing
Better than one plus for sure"
705,,Bad quality,"My new i phone 15 dynamic island has manufacturing defect. Selfie Camera is placed out of the alignment of dynamic island, battery backup is also not up to mark."
706,5,Simply awesome,Nice phone
707,5,Value-for-money,Just ok
708,5,Terrific,Impressive
709,5,Perfect product!,Nice üëç
710,,Horrible,Did not like it waste of money
711,5,Awesome,Ok
712,5,Best in the market!,Fast Reliable Beautiful
713,5,Simply awesome,My first iPhone and it is really awesome
714,5,Great product,Very good quality product
715,,Very poor,Hope no green line or green display like 13 series. I will give you 5 star after 5 years not yet Appleü§¨
716,5,Mind-blowing purchase,"Marvellous camera. Light weight. Perfect handy.
Used every pro version before 15.
But trust me . I personally feel this 15 is at par with its pro version camera ."
717,5,Highly recommended,"The BEST CAMERA PHONE OUT THERE, was in dilemma to buy s23 , but i chose this . And yes thats a wise decision , 60z is not a major con although it saves battery but 120 would be great. A16 is outstanding coupled with ios. In video quality nothing can beat it. Go for it for camera samples go with my uploaded photos one in daylight while other in night"
718,3,Just okay,Good üëç
719,5,Fabulous!,Everything is good i got it at65 best deal so far i get from flipkart
720,5,Brilliant,Very good product. Fully satisfied.
721,5,Classy product,Nice
722,5,Mind-blowing purchase,Best camera phone
723,5,Super!,"iPhone design is top and weightless except battery drain fast and mild heating issue ,phone is mind blowing"
